index,label,sample_44100,time_ms,time_seconds
0,b001,38258,868,0.8675283193588257
1,b002,76518,1735,1.7351020574569702
2,b003,114776,2603,2.602630376815796
3,b004,153036,3470,3.4702041149139404
4,b005,191294,4338,4.337732315063477
5,b006,229554,5205,5.205306053161621
6,b007,267812,6073,6.072834491729736
7,b008,306072,6940,6.940408229827881
8,b009,344330,7808,7.807936668395996
9,b010,382590,8676,8.67551040649414
10,b011,420848,9543,9.543038368225098
11,b012,459108,10411,10.410612106323242
12,b013,497366,11278,11.278141021728516
13,b014,535626,12146,12.14571475982666
14,b015,573884,13013,13.013242721557617
15,b016,612144,13881,13.880816459655762
16,b017,650402,14748,14.748344421386719
17,b018,688662,15616,15.615918159484863
18,b019,726920,16483,16.48344612121582
19,b020,765180,17351,17.35102081298828
20,b021,803438,18219,18.218547821044922
21,b022,841698,19086,19.086122512817383
22,b023,879956,19954,19.953651428222656
23,b024,918216,20821,20.821224212646484
24,b025,956474,21689,21.688753128051758
25,b026,994734,22556,22.556325912475586
26,b027,1032992,23424,23.42385482788086
27,b028,1071252,24291,24.29142951965332
28,b029,1109510,25159,25.15895652770996
29,b030,1147770,26027,26.026531219482422
30,b031,1186028,26894,26.894058227539062
31,b032,1224288,27762,27.761632919311523
32,b033,1262546,28629,28.629161834716797
33,b034,1300806,29497,29.496734619140625
34,b035,1339064,30364,30.3642635345459
35,b036,1377324,31232,31.231836318969727
36,b037,1415582,32099,32.099365234375
37,b038,1453842,32967,32.96693801879883
38,b039,1492100,33834,33.834468841552734
39,b040,1530360,34702,34.70204162597656
40,b041,1568618,35570,35.5695686340332
41,b042,1606878,36437,36.43714141845703
42,b043,1645136,37305,37.30467224121094
43,b044,1683396,38172,38.172245025634766
44,b045,1721654,39040,39.039772033691406
45,b046,1759914,39907,39.9073486328125
46,b047,1798172,40775,40.77487564086914
47,b048,1836432,41642,41.64244842529297
48,b049,1874690,42510,42.50997543334961
49,b050,1912950,43378,43.3775520324707
50,b051,1951208,44245,44.245079040527344
51,b052,1989468,45113,45.11265182495117
52,b053,2027726,45980,45.98018264770508
53,b054,2065986,46848,46.847755432128906
54,b055,2104244,47715,47.71528244018555
55,b056,2142504,48583,48.58285903930664
56,b057,2180762,49450,49.45038604736328
57,b058,2219022,50318,50.31795883178711
58,b059,2257280,51185,51.18548583984375
59,b060,2295540,52053,52.053062438964844
60,b061,2333798,52921,52.920589447021484
61,b062,2372058,53788,53.78816223144531
62,b063,2410316,54656,54.65569305419922
63,b064,2448576,55523,55.52326583862305
64,b065,2486834,56391,56.39079284667969
65,b066,2525094,57258,57.258365631103516
66,b067,2563352,58126,58.12589645385742
67,b068,2601612,58993,58.99346923828125
68,b069,2639870,59861,59.86099624633789
69,b070,2678130,60729,60.728572845458984
70,b071,2716388,61596,61.596099853515625
71,b072,2754648,62464,62.46367263793945
72,b073,2792906,63331,63.33120346069336
73,b074,2831166,64199,64.19877624511719
74,b075,2869424,65066,65.0663070678711
75,b076,2907684,65934,65.93387603759766
76,b077,2945942,66801,66.80140686035156
77,b078,2984202,67669,67.66897583007812
78,b079,3022460,68537,68.53650665283203
79,b080,3060720,69404,69.40408325195312
80,b081,3098978,70272,70.2716064453125
81,b082,3137238,71139,71.1391830444336
82,b083,3175496,72007,72.0067138671875
83,b084,3213756,72874,72.87428283691406
84,b085,3252014,73742,73.74181365966797
85,b086,3290274,74609,74.60939025878906
86,b087,3328532,75477,75.47691345214844
87,b088,3366792,76344,76.34449005126953
88,b089,3405050,77212,77.21202087402344
89,b090,3443310,78080,78.07958984375
90,b091,3481568,78947,78.9471206665039
91,b092,3519828,79815,79.814697265625
92,b093,3558086,80682,80.68222045898438
93,b094,3596346,81550,81.54979705810547
94,b095,3634604,82417,82.41732788085938
95,b096,3672864,83285,83.28489685058594
96,b097,3711122,84152,84.15242767333984
97,b098,3749382,85020,85.0199966430664
98,b099,3787640,85888,85.88752746582031
99,b100,3825900,86755,86.7551040649414
100,b101,3864158,87623,87.62262725830078
101,b102,3902418,88490,88.49020385742188
102,b103,3940676,89358,89.35773468017578
103,b104,3978936,90225,90.22530364990234
104,b105,4017194,91093,91.09283447265625
105,b106,4055454,91960,91.96041107177734
106,b107,4093712,92828,92.82793426513672
107,b108,4131972,93696,93.69551086425781
108,b109,4170230,94563,94.56304168701172
109,b110,4208490,95431,95.43061065673828
110,b111,4246748,96298,96.29814147949219
111,b112,4285008,97166,97.16571807861328
112,b113,4323266,98033,98.03324127197266
113,b114,4361526,98901,98.90081787109375
114,b115,4399784,99768,99.76834106445312
115,b116,4438044,100636,100.63591766357422
116,b117,4476302,101503,101.50344848632812
117,b118,4514562,102371,102.37101745605469
118,b119,4552820,103239,103.2385482788086
119,b120,4591080,104106,104.10612487792969
120,b121,4629338,104974,104.97364807128906
121,b122,4667598,105841,105.84122467041016
122,b123,4705856,106709,106.70875549316406
123,b124,4744116,107576,107.57632446289062
124,b125,4782374,108444,108.44385528564453
125,b126,4820634,109311,109.31143188476562
126,b127,4858892,110179,110.178955078125
127,b128,4897152,111047,111.0465316772461
128,b129,4935410,111914,111.9140625
129,b130,4973670,112782,112.78163146972656
130,b131,5011928,113649,113.64916229248047
131,b132,5050188,114517,114.51673126220703
132,b133,5088446,115384,115.38426208496094
133,b134,5127336,116266,116.26612091064453
134,b135,5164964,117119,117.1193618774414
135,b136,5203224,117987,117.9869384765625
136,b137,5241482,118854,118.8544692993164
137,b138,5279742,119722,119.72203826904297
138,b139,5318000,120590,120.58956909179688
139,b140,5356764,121469,121.46857452392578
140,b141,5394518,122325,122.32466888427734
141,b142,5432778,123192,123.19224548339844
142,b143,5471036,124060,124.05977630615234
143,b144,5509836,124940,124.93959045410156
144,b145,5547554,125795,125.79487609863281
145,b146,5585814,126662,126.6624526977539
146,b147,5624072,127530,127.52997589111328
147,b148,5662332,128398,128.39755249023438
148,b149,5700590,129265,129.26507568359375
149,b150,5738850,130133,130.13265991210938
150,b151,5776464,130986,130.98558044433594
151,b152,5815368,131868,131.8677520751953
152,b153,5853626,132735,132.73529052734375
153,b154,5891886,133603,133.6028594970703
154,b155,5930144,134470,134.4703826904297
155,b156,5968404,135338,135.33795166015625
156,b157,6006662,136205,136.2054901123047
157,b158,6045498,137086,137.08612060546875
158,b159,6083180,137941,137.94058227539062
159,b160,6121440,138808,138.80816650390625
160,b161,6159698,139676,139.67568969726562
161,b162,6197958,140543,140.5432586669922
162,b163,6235632,141398,141.39755249023438
163,b164,6274476,142278,142.2783660888672
164,b165,6312734,143146,143.14588928222656
165,b166,6350994,144013,144.0134735107422
166,b167,6389252,144881,144.88099670410156
167,b168,6427512,145749,145.74856567382812
168,b169,6465770,146616,146.61610412597656
169,b170,6504030,147484,147.48367309570312
170,b171,6542288,148351,148.3511962890625
171,b172,6581028,149230,149.2296600341797
172,b173,6619070,150092,150.09228515625
173,b174,6656640,150944,150.9442138671875
174,b175,6695324,151821,151.8214111328125
175,b176,6734096,152701,152.70059204101562
176,b177,6772482,153571,153.57101440429688
177,b178,6810102,154424,154.42408752441406
178,b179,6848360,155292,155.29161071777344
179,b180,6886812,156164,156.16354370117188
180,b181,6924878,157027,157.02671813964844
181,b182,6963138,157894,157.894287109375
182,b183,7001396,158762,158.76181030273438
183,b184,7039784,159632,159.63229370117188
184,b185,7077914,160497,160.49691772460938
185,b186,7116174,161364,161.36448669433594
186,b187,7154432,162232,162.23202514648438
187,b188,7193076,163108,163.10830688476562
188,b189,7230950,163967,163.9671173095703
189,b190,7269594,164843,164.84339904785156
190,b191,7307468,165702,165.7022247314453
191,b192,7345728,166570,166.56979370117188
192,b193,7383986,167437,167.43731689453125
193,b194,7422246,168305,168.30490112304688
194,b195,7460504,169172,169.17242431640625
195,b196,7499212,170050,170.05015563964844
196,b197,7537022,170908,170.90753173828125
197,b198,7575282,171775,171.7751007080078
198,b199,7613540,172643,172.6426239013672
199,b200,7651800,173510,173.5102081298828
200,b201,7690058,174378,174.3777313232422
201,b202,7728318,175245,175.24530029296875
202,b203,7766576,176113,176.1128387451172
203,b204,7804836,176980,176.98040771484375
204,b205,7843094,177848,177.84793090820312
205,b206,7881674,178723,178.72276306152344
206,b207,7920048,179593,179.59292602539062
207,b208,7958160,180457,180.45713806152344
208,b209,7996130,181318,181.31814575195312
209,b210,8034390,182186,182.1857147216797
210,b211,8072648,183053,183.05323791503906
211,b212,8110908,183921,183.9208221435547
212,b213,8149166,184788,184.78834533691406
213,b214,8187426,185656,185.65591430664062
214,b215,8225684,186523,186.52345275878906
215,b216,8263944,187391,187.39102172851562
216,b217,8302202,188259,188.258544921875
217,b218,8340462,189126,189.12612915039062
218,b219,8378720,189994,189.99365234375
219,b220,8417424,190871,190.8712921142578
220,b221,8455238,191729,191.728759765625
221,b222,8494026,192608,192.60830688476562
222,b223,8531756,193464,193.46385192871094
223,b224,8570136,194334,194.3341522216797
224,b225,8608274,195199,195.19895935058594
225,b226,8646534,196067,196.0665283203125
226,b227,8684792,196934,196.93405151367188
227,b228,8723268,197807,197.80653381347656
228,b229,8761632,198676,198.6764678955078
229,b230,8799978,199546,199.54598999023438
230,b231,8837828,200404,200.40426635742188
231,b232,8876520,201282,201.28163146972656
232,b233,8914346,202139,202.1393585205078
233,b234,8952606,203007,203.00694274902344
234,b235,8990864,203874,203.8744659423828
235,b236,9029604,204753,204.7529296875
236,b237,9067382,205610,205.6095733642578
237,b238,9105642,206477,206.47714233398438
238,b239,9143900,207345,207.34466552734375
239,b240,9182352,208217,208.2165985107422
240,b241,9220850,209090,209.08956909179688
241,b242,9259038,209956,209.95550537109375
242,b243,9296936,210815,210.81488037109375
243,b244,9335580,211691,211.691162109375
244,b245,9373862,212559,212.55923461914062
245,b246,9411714,213418,213.4175567626953
246,b247,9449972,214285,214.2850799560547
247,b248,9488664,215162,215.16244506835938
248,b249,9526490,216020,216.0201873779297
249,b250,9564942,216892,216.89210510253906
250,b251,9603008,217755,217.75527954101562
251,b252,9641812,218635,218.63519287109375
252,b253,9679526,219490,219.49038696289062
253,b254,9718074,220364,220.36448669433594
254,b255,9756044,221225,221.22549438476562
255,b256,9794610,222100,222.10000610351562
256,b257,9832562,222961,222.96058654785156
257,b258,9871430,223842,223.84194946289062
258,b259,9909080,224696,224.69569396972656
259,b260,9947868,225575,225.5752410888672
260,b261,9986270,226446,226.44602966308594
261,b262,10024866,227321,227.32122802734375
262,b263,10062116,228166,228.1658935546875
263,b264,10100760,229042,229.04217529296875
264,b265,10138634,229901,229.9010009765625
265,b266,10177248,230777,230.77659606933594
266,b267,10215552,231645,231.64517211914062
267,b268,10253832,232513,232.51319885253906
268,b269,10292128,233382,233.381591796875
269,b270,10330938,234262,234.26162719726562
270,b271,10368792,235120,235.1199951171875
271,b272,10407072,235988,235.98802185058594
272,b273,10445330,236856,236.85556030273438
273,b274,10483590,237723,237.72312927246094
274,b275,10521848,238591,238.5906524658203
275,b276,10560108,239458,239.45823669433594
276,b277,10598366,240326,240.3257598876953
277,b278,10636626,241193,241.19332885742188
278,b279,10674884,242061,242.0608673095703
279,b280,10713144,242928,242.92843627929688
280,b281,10751402,243796,243.79595947265625
281,b282,10789662,244664,244.66354370117188
282,b283,10827920,245531,245.53106689453125
283,b284,10866660,246410,246.40953063964844
284,b285,10904438,247266,247.26617431640625
285,b286,10942698,248134,248.1337432861328
286,b287,10980956,249001,249.0012664794922
287,b288,11019216,249869,249.8688507080078
288,b289,11057474,250736,250.7363739013672
289,b290,11095734,251604,251.60394287109375
290,b291,11133992,252471,252.4714813232422
291,b292,11172252,253339,253.33905029296875
292,b293,11210510,254207,254.20657348632812
293,b294,11248770,255074,255.0741424560547
294,b295,11287028,255942,255.94168090820312
295,b296,11325288,256809,256.80926513671875
296,b297,11363546,257677,257.6767883300781
297,b298,11401806,258544,258.5443420410156
298,b299,11440064,259412,259.4118957519531
299,b300,11478324,260279,260.2794494628906
300,b301,11516582,261147,261.14697265625
301,b302,11554842,262015,262.0145568847656
302,b303,11593100,262882,262.882080078125
303,b304,11631360,263750,263.7496643066406
304,b305,11669618,264617,264.6171875
305,b306,11707878,265485,265.4847717285156
306,b307,11746136,266352,266.352294921875
307,b308,11784396,267220,267.2198791503906
308,b309,11822654,268087,268.08740234375
309,b310,11860914,268955,268.9549560546875
310,b311,11899172,269822,269.8224792480469
311,b312,11937432,270690,270.6900634765625
312,b313,11975690,271558,271.5575866699219
313,b314,12014360,272434,272.4344787597656
314,b315,12052208,273293,273.2926940917969
315,b316,12090816,274168,274.16815185546875
316,b317,12128726,275028,275.0278015136719
317,b318,12167472,275906,275.9064025878906
318,b319,12206396,276789,276.7890319824219
319,b320,12244656,277657,277.6565856933594
320,b321,12282914,278524,278.5241394042969
321,b322,12321174,279392,279.3916931152344
322,b323,12359432,280259,280.25921630859375
323,b324,12397692,281127,281.1268005371094
324,b325,12435950,281994,281.99432373046875
325,b326,12474210,282862,282.8619079589844
326,b327,12512468,283729,283.72943115234375
327,b328,12550728,284597,284.5970153808594
328,b329,12588986,285465,285.46453857421875
329,b330,12627246,286332,286.3321228027344
330,b331,12665504,287200,287.19964599609375
331,b332,12703764,288067,288.06719970703125
332,b333,12742022,288935,288.93475341796875
333,b334,12780282,289802,289.80230712890625
334,b335,12818540,290670,290.6698303222656
335,b336,12856800,291537,291.53741455078125
336,b337,12895058,292405,292.4049377441406
337,b338,12933318,293273,293.27252197265625
338,b339,12971576,294140,294.1400451660156
339,b340,13009836,295008,295.00762939453125
340,b341,13048094,295875,295.8751525878906
341,b342,13086354,296743,296.7427062988281
342,b343,13124612,297610,297.6102600097656
343,b344,13162872,298478,298.4778137207031
344,b345,13201130,299345,299.3453369140625
345,b346,13239390,300213,300.2129211425781
346,g903,13277648,301080,301.0804443359375
347,b347,13315908,301948,301.9480285644531
348,b348,13354166,302816,302.8155517578125
349,b349,13392426,303683,303.6831359863281
350,b350,13430684,304551,304.5506591796875
351,b351,13468944,305418,305.4182434082031
352,b352,13507202,306286,306.2857666015625
353,b353,13545462,307153,307.1533203125
354,b354,13583720,308021,308.0208740234375
355,b355,13621980,308888,308.888427734375
356,b356,13660238,309756,309.7559509277344
357,b357,13698498,310624,310.62353515625
358,b358,13736756,311491,311.4910583496094
359,b359,13775016,312359,312.358642578125
360,b360,13813274,313226,313.2261657714844
361,b361,13851534,314094,314.09375
362,b362,13889792,314961,314.9612731933594
363,b363,13928052,315829,315.828857421875
364,b364,13966310,316696,316.6963806152344
365,b365,14004570,317564,317.5639343261719
366,b366,14042828,318431,318.4314880371094
367,b367,14081088,319299,319.2990417480469
368,c001,14119346,320167,320.16656494140625
369,b368,14157606,321034,321.0341491699219
370,b369,14195864,321902,321.90167236328125
371,b371,14234124,322769,322.7692565917969
372,b372,14272382,323637,323.63677978515625
373,b373,14310642,324504,324.5043640136719
