resource,chunk,compressed_bytes,decompressed_bytes
fef000f9.bin,0,40591,262140
fef000f9.bin,1,100440,262140
fef000f9.bin,2,200307,262140
fef000f9.bin,3,134538,262140
fef000f9.bin,4,169193,262140
fef000f9.bin,5,61405,262140
fef000f9.bin,6,89684,262140
fef000f9.bin,7,18286,22274
fef017e7.bin,0,70630,262140
fef017e7.bin,1,77033,262140
fef017e7.bin,2,92555,262140
fef017e7.bin,3,40434,262140
fef017e7.bin,4,55925,262140
fef017e7.bin,5,119001,262140
fef017e7.bin,6,190949,262140
fef017e7.bin,7,141534,262140
fef017e7.bin,8,155928,262140
fef017e7.bin,9,66033,262140
fef017e7.bin,10,99958,262140
fef017e7.bin,11,41869,262140
fef017e7.bin,12,76052,262140
fef017e7.bin,13,13104,262140
fef017e7.bin,14,118393,262140
fef017e7.bin,15,122789,262140
fef017e7.bin,16,144916,262140
fef017e7.bin,17,36696,262140
fef017e7.bin,18,89076,262140
fef017e7.bin,19,94539,262140
fef017e7.bin,20,160009,262140
fef017e7.bin,21,168370,262140
fef017e7.bin,22,160020,262140
fef017e7.bin,23,148128,262140
fef017e7.bin,24,118512,262140
fef017e7.bin,25,116544,262140
fef017e7.bin,26,135308,262140
fef017e7.bin,27,172444,262140
fef017e7.bin,28,163043,262140
fef017e7.bin,29,29683,58090
fef017ea.bin,0,107648,262140
fef017ea.bin,1,73943,262140
fef017ea.bin,2,116195,262140
fef017ea.bin,3,117946,262140
fef017ea.bin,4,63796,262140
fef017ea.bin,5,17991,262140
fef017ea.bin,6,41996,262140
fef017ea.bin,7,138011,262140
fef017ea.bin,8,10296,262140
fef017ea.bin,9,126754,262140
fef017ea.bin,10,127534,262140
fef017ea.bin,11,132085,262140
fef017ea.bin,12,28917,262140
fef017ea.bin,13,95572,262140
fef017ea.bin,14,118985,262140
fef017ea.bin,15,166004,262140
fef017ea.bin,16,101251,262140
fef017ea.bin,17,38909,262140
fef017ea.bin,18,27017,157530
fff017ea.bin,0,122272,262140
fff017ea.bin,1,117440,262140
fff017ea.bin,2,100267,262140
fff017ea.bin,3,110309,262140
fff017ea.bin,4,114804,262140
fff017ea.bin,5,31820,262140
fff017ea.bin,6,52821,262140
fff017ea.bin,7,51411,262140
fff017ea.bin,8,51784,262140
fff017ea.bin,9,36620,181186
